category,image_url,local_path,title
photos,https://images.unsplash.com/profile-1662462424181-4dcf181b4211image?fm=jpg&q=60&w=3000&ixlib=rb-4.0.3&crop=faces&fit=crop&h=32,,Nature
photos,https://images.unsplash.com/profile-1443951664260-3bd2d54fd875?fm=jpg&q=60&w=3000&ixlib=rb-4.0.3&crop=faces&fit=crop&h=32,,Hiking
photos,https://images.unsplash.com/profile-1731367248428-a8f5fa9a1f62image?fm=jpg&q=60&w=3000&ixlib=rb-4.0.3&crop=faces&fit=crop&h=32,,Park
photos,https://images.unsplash.com/profile-1590067621489-1c421563900eimage?fm=jpg&q=60&w=3000&ixlib=rb-4.0.3&crop=faces&fit=crop&h=32,,Landscape
photos,https://images.unsplash.com/profile-1696093955329-a12ce8a17180image?fm=jpg&q=60&w=3000&ixlib=rb-4.0.3&crop=faces&fit=crop&h=32,,Earth
photos,https://images.unsplash.com/profile-fb-1611593081-85b097679949.jpg?fm=jpg&q=60&w=3000&ixlib=rb-4.0.3&crop=faces&fit=crop&h=32,,Beach
photos,https://images.unsplash.com/profile-1512588073775-bd707de83473?fm=jpg&q=60&w=3000&ixlib=rb-4.0.3&crop=faces&fit=crop&h=32,,Road
photos,https://images.unsplash.com/profile-1443951664260-3bd2d54fd875?fm=jpg&q=60&w=3000&ixlib=rb-4.0.3&crop=faces&fit=crop&h=32,,Forest
photos,https://images.unsplash.com/profile-1656504485539-f5f962259353image?fm=jpg&q=60&w=3000&ixlib=rb-4.0.3&crop=faces&fit=crop&h=32,,Animals
photos,https://images.unsplash.com/profile-1679489218992-ebe823c797dfimage?fm=jpg&q=60&w=3000&ixlib=rb-4.0.3&crop=faces&fit=crop&h=32,,Travel
photos,https://images.unsplash.com/profile-1694200655992-0dd297536621image?fm=jpg&q=60&w=3000&ixlib=rb-4.0.3&crop=faces&fit=crop&h=32,,Abstract
photos,https://images.unsplash.com/profile-1714645669747-429dc31548ccimage?fm=jpg&q=60&w=3000&ixlib=rb-4.0.3&crop=faces&fit=crop&h=32,,Farm
photos,https://images.unsplash.com/profile-fb-1611593081-85b097679949.jpg?fm=jpg&q=60&w=3000&ixlib=rb-4.0.3&crop=faces&fit=crop&h=32,,Mountain
a-lush-green-forest-filled-with-lots-of-trees-fWBZ9r4vO9M,https://images.unsplash.com/profile-1662462424181-4dcf181b4211image?fm=jpg&q=60&w=3000&ixlib=rb-4.0.3&crop=faces&fit=crop&h=32,,a lush green forest filled with lots of trees
photos,https://images.unsplash.com/profile-1661537276190-b27bf63fd940image?fm=jpg&q=60&w=3000&ixlib=rb-4.0.3&crop=faces&fit=crop&h=32,,Singapore
photos,https://images.unsplash.com/profile-1661537276190-b27bf63fd940image?fm=jpg&q=60&w=3000&ixlib=rb-4.0.3&crop=faces&fit=crop&h=32,,Botanical garden
photos,https://images.unsplash.com/profile-1687319162202-03896016193aimage?fm=jpg&q=60&w=3000&ixlib=rb-4.0.3&crop=faces&fit=crop&h=32,,Animal
photos,https://images.unsplash.com/profile-1731805942823-d2be410379f4image?fm=jpg&q=60&w=3000&ixlib=rb-4.0.3&crop=faces&fit=crop&h=32,,Grey
photos,https://images.unsplash.com/profile-1716667162296-6821cd3ed2d6image?fm=jpg&q=60&w=3000&ixlib=rb-4.0.3&crop=faces&fit=crop&h=32,,Cave
photos,https://images.unsplash.com/profile-1460461456342-a21eb34982a0?fm=jpg&q=60&w=3000&ixlib=rb-4.0.3&crop=faces&fit=crop&h=32,,Metropolitan city of milan
photos,https://images.unsplash.com/profile-1681210571941-74418a1cb36cimage?fm=jpg&q=60&w=3000&ixlib=rb-4.0.3&crop=faces&fit=crop&h=32,,San quirico d'orcia
photos,https://images.unsplash.com/profile-1683634928315-4d6b3ec4d1fbimage?fm=jpg&q=60&w=3000&ixlib=rb-4.0.3&crop=faces&fit=crop&h=32,,Antofagasta
photos,https://images.unsplash.com/profile-1661537276190-b27bf63fd940image?fm=jpg&q=60&w=3000&ixlib=rb-4.0.3&crop=faces&fit=crop&h=32,,Wall
photos,https://images.unsplash.com/profile-1727095123599-eb42ef3309e2image?fm=jpg&q=60&w=3000&ixlib=rb-4.0.3&crop=faces&fit=crop&h=32,,Alley
photos,https://images.unsplash.com/profile-1670038592290-655102b24317image?fm=jpg&q=60&w=3000&ixlib=rb-4.0.3&crop=faces&fit=crop&h=32,,Dark
photos,https://images.unsplash.com/profile-1666818167062-06e21d332106image?fm=jpg&q=60&w=3000&ixlib=rb-4.0.3&crop=faces&fit=crop&h=32,,Cattle
photos,https://images.unsplash.com/profile-1661537276190-b27bf63fd940image?fm=jpg&q=60&w=3000&ixlib=rb-4.0.3&crop=faces&fit=crop&h=32,,Van
photos,https://images.unsplash.com/profile-1710392499368-6d5f8bc5e68dimage?fm=jpg&q=60&w=3000&ixlib=rb-4.0.3&crop=faces&fit=crop&h=32,,Pointillism
photos,https://images.unsplash.com/profile-1588363036756-6355f6f3d0b8image?fm=jpg&q=60&w=3000&ixlib=rb-4.0.3&crop=faces&fit=crop&h=32,,Mold
photos,https://images.unsplash.com/profile-1661537276190-b27bf63fd940image?fm=jpg&q=60&w=3000&ixlib=rb-4.0.3&crop=faces&fit=crop&h=32,,Pragser wildsee
a-group-of-trees-that-are-in-the-middle-of-a-forest-0YjTeA683VI,https://images.unsplash.com/profile-1662462424181-4dcf181b4211image?fm=jpg&q=60&w=3000&ixlib=rb-4.0.3&crop=faces&fit=crop&h=32,,a group of trees that are in the middle of a forest
photos,https://images.unsplash.com/profile-1666818167062-06e21d332106image?fm=jpg&q=60&w=3000&ixlib=rb-4.0.3&crop=faces&fit=crop&h=32,,Supertree grove
photos,https://images.unsplash.com/profile-1675655588018-362521ece58dimage?fm=jpg&q=60&w=3000&ixlib=rb-4.0.3&crop=faces&fit=crop&h=32,,Gray
photos,https://images.unsplash.com/profile-1679072003670-944a7f1934b3image?fm=jpg&q=60&w=3000&ixlib=rb-4.0.3&crop=faces&fit=crop&h=32,,Beak
photos,https://images.unsplash.com/profile-1600536038611-31908b1ce121image?fm=jpg&q=60&w=3000&ixlib=rb-4.0.3&crop=faces&fit=crop&h=32,,Royan
photos,https://images.unsplash.com/placeholder-avatars/extra-large.jpg?fm=jpg&q=60&w=3000&ixlib=rb-4.0.3&crop=faces&fit=crop&h=32,,Lame rosse
photos,https://images.unsplash.com/profile-1711549020779-bcd65dd86bf8image?fm=jpg&q=60&w=3000&ixlib=rb-4.0.3&crop=faces&fit=crop&h=32,,Gothic arch
photos,https://images.unsplash.com/profile-1661537276190-b27bf63fd940image?fm=jpg&q=60&w=3000&ixlib=rb-4.0.3&crop=faces&fit=crop&h=32,,Land
photos,https://images.unsplash.com/profile-1666818167062-06e21d332106image?fm=jpg&q=60&w=3000&ixlib=rb-4.0.3&crop=faces&fit=crop&h=32,,Daisies
photos,https://images.unsplash.com/profile-1590067621489-1c421563900eimage?fm=jpg&q=60&w=3000&ixlib=rb-4.0.3&crop=faces&fit=crop&h=32,,Polska
photos,https://images.unsplash.com/profile-1627912212709-c3120c50c449image?fm=jpg&q=60&w=3000&ixlib=rb-4.0.3&crop=faces&fit=crop&h=32,,Walkway
photos,https://images.unsplash.com/profile-1661537276190-b27bf63fd940image?fm=jpg&q=60&w=3000&ixlib=rb-4.0.3&crop=faces&fit=crop&h=32,,Mount fuji
photos,https://images.unsplash.com/profile-1511529593410-2da35ab1040e?fm=jpg&q=60&w=3000&ixlib=rb-4.0.3&crop=faces&fit=crop&h=32,,New forest district
photos,https://images.unsplash.com/profile-1600888810665-f24db45b039cimage?fm=jpg&q=60&w=3000&ixlib=rb-4.0.3&crop=faces&fit=crop&h=32,,Rust
photos,https://images.unsplash.com/profile-1666027165666-57135f812f36?fm=jpg&q=60&w=3000&ixlib=rb-4.0.3&crop=faces&fit=crop&h=32,,Aesthetic
photos,https://images.unsplash.com/profile-1661537276190-b27bf63fd940image?fm=jpg&q=60&w=3000&ixlib=rb-4.0.3&crop=faces&fit=crop&h=32,,Adventure travel
photos,https://images.unsplash.com/profile-1720372483966-dbff9f814916image?fm=jpg&q=60&w=3000&ixlib=rb-4.0.3&crop=faces&fit=crop&h=32,,Autonomous province of bolzano – south tyrol
photos,https://images.unsplash.com/profile-1443951664260-3bd2d54fd875?fm=jpg&q=60&w=3000&ixlib=rb-4.0.3&crop=faces&fit=crop&h=32,,Foggy
photos,https://images.unsplash.com/profile-1504432495614-b0a49a24cd8a?fm=jpg&q=60&w=3000&ixlib=rb-4.0.3&crop=faces&fit=crop&h=32,,Lights
black-boat-on-body-of-water-4XFDhzA1118,https://images.unsplash.com/profile-1614072495025-056c54403fbcimage?fm=jpg&q=60&w=3000&ixlib=rb-4.0.3&crop=faces&fit=crop&h=32,,black boat on body of water
photos,https://images.unsplash.com/profile-1589341434449-ef31b5f5aee1image?fm=jpg&q=60&w=3000&ixlib=rb-4.0.3&crop=faces&fit=crop&h=32,,Avian
a-teepee-sitting-on-top-of-a-sandy-beach-ggNTuOUxRrc,https://images.unsplash.com/profile-1729434711875-fca513c790e3image?fm=jpg&q=60&w=3000&ixlib=rb-4.0.3&crop=faces&fit=crop&h=32,,A teepee sitting on top of a sandy beach
photos,https://images.unsplash.com/profile-1622678372926-d66d8da492e8image?fm=jpg&q=60&w=3000&ixlib=rb-4.0.3&crop=faces&fit=crop&h=32,,Montefalco
photos,https://images.unsplash.com/profile-1669468968734-fc7fbf43ec93image?fm=jpg&q=60&w=3000&ixlib=rb-4.0.3&crop=faces&fit=crop&h=32,,Grand
photos,https://images.unsplash.com/profile-1689584075505-4ea3ee35447eimage?fm=jpg&q=60&w=3000&ixlib=rb-4.0.3&crop=faces&fit=crop&h=32,,Penzance
white-daisy-flowers-Vk2kGO7iQiM,https://images.unsplash.com/profile-1723979610394-2658fe20e5ae?fm=jpg&q=60&w=3000&ixlib=rb-4.0.3&crop=faces&fit=crop&h=32,,white daisy flowers
photos,https://images.unsplash.com/profile-1512528271548-aade855d3bf7?fm=jpg&q=60&w=3000&ixlib=rb-4.0.3&crop=faces&fit=crop&h=32,,Piękny
photos,https://images.unsplash.com/profile-1661537276190-b27bf63fd940image?fm=jpg&q=60&w=3000&ixlib=rb-4.0.3&crop=faces&fit=crop&h=32,,United arab emirates
photos,https://images.unsplash.com/profile-1661537276190-b27bf63fd940image?fm=jpg&q=60&w=3000&ixlib=rb-4.0.3&crop=faces&fit=crop&h=32,,Lake kawaguchi
an-aerial-view-of-a-foggy-countryside-cSfDAywFvHk,https://images.unsplash.com/profile-1648828806223-1852f704c58aimage?fm=jpg&q=60&w=3000&ixlib=rb-4.0.3&crop=faces&fit=crop&h=32,,an aerial view of a foggy countryside
photos,https://images.unsplash.com/profile-1688318150244-d85f465638beimage?fm=jpg&q=60&w=3000&ixlib=rb-4.0.3&crop=faces&fit=crop&h=32,,Roller coaster
photos,https://images.unsplash.com/profile-1661537276190-b27bf63fd940image?fm=jpg&q=60&w=3000&ixlib=rb-4.0.3&crop=faces&fit=crop&h=32,,Saint tropez
photos,https://images.unsplash.com/profile-1671132394377-b7467e7f4b4dimage?fm=jpg&q=60&w=3000&ixlib=rb-4.0.3&crop=faces&fit=crop&h=32,,Risco waterfall
photos,https://images.unsplash.com/profile-1666027165666-57135f812f36?fm=jpg&q=60&w=3000&ixlib=rb-4.0.3&crop=faces&fit=crop&h=32,,Tre cime mountains
photos,https://images.unsplash.com/profile-1588106207449-f1aaca364d87image?fm=jpg&q=60&w=3000&ixlib=rb-4.0.3&crop=faces&fit=crop&h=32,,Gex
worms-eye-view-photography-of-purple-towers-r9TKnoJzxkk,https://images.unsplash.com/profile-1514839098296-c79fea6126df?fm=jpg&q=60&w=3000&ixlib=rb-4.0.3&crop=faces&fit=crop&h=32,,worm's eye view photography of purple towers
photos,https://images.unsplash.com/profile-1443951664260-3bd2d54fd875?fm=jpg&q=60&w=3000&ixlib=rb-4.0.3&crop=faces&fit=crop&h=32,,Hazy
photos,https://images.unsplash.com/profile-1636564014109-d79a18fb2c73image?fm=jpg&q=60&w=3000&ixlib=rb-4.0.3&crop=faces&fit=crop&h=32,,Dove
photos,https://images.unsplash.com/profile-1650418611845-5fdce7001645image?fm=jpg&q=60&w=3000&ixlib=rb-4.0.3&crop=faces&fit=crop&h=32,,Sand beach
photos,https://images.unsplash.com/profile-1699557651871-54656a2f2f63image?fm=jpg&q=60&w=3000&ixlib=rb-4.0.3&crop=faces&fit=crop&h=32,,Happy
turned-on-chandelier-aUA4_w5zba0,https://images.unsplash.com/profile-1610006471620-9c76faf6e216image?fm=jpg&q=60&w=3000&ixlib=rb-4.0.3&crop=faces&fit=crop&h=32,,turned on chandelier
photos,https://images.unsplash.com/profile-1670063229741-73d1646c7643image?fm=jpg&q=60&w=3000&ixlib=rb-4.0.3&crop=faces&fit=crop&h=32,,Wrought iron
photos,https://images.unsplash.com/profile-1661537276190-b27bf63fd940image?fm=jpg&q=60&w=3000&ixlib=rb-4.0.3&crop=faces&fit=crop&h=32,,Battery road
photos,https://images.unsplash.com/profile-1512528271548-aade855d3bf7?fm=jpg&q=60&w=3000&ixlib=rb-4.0.3&crop=faces&fit=crop&h=32,,Stado
photos,https://images.unsplash.com/profile-1661537276190-b27bf63fd940image?fm=jpg&q=60&w=3000&ixlib=rb-4.0.3&crop=faces&fit=crop&h=32,,Future
photos,https://images.unsplash.com/profile-1661537276190-b27bf63fd940image?fm=jpg&q=60&w=3000&ixlib=rb-4.0.3&crop=faces&fit=crop&h=32,,Illuminate
photos,https://images.unsplash.com/profile-1714645669747-429dc31548ccimage?fm=jpg&q=60&w=3000&ixlib=rb-4.0.3&crop=faces&fit=crop&h=32,,"New forest district, united kingdom"
photos,https://images.unsplash.com/profile-1661537276190-b27bf63fd940image?fm=jpg&q=60&w=3000&ixlib=rb-4.0.3&crop=faces&fit=crop&h=32,,Play
photos,https://images.unsplash.com/profile-1585306837925-f7b3951cda63image?fm=jpg&q=60&w=3000&ixlib=rb-4.0.3&crop=faces&fit=crop&h=32,,South of france
photos,https://images.unsplash.com/profile-1714645669747-429dc31548ccimage?fm=jpg&q=60&w=3000&ixlib=rb-4.0.3&crop=faces&fit=crop&h=32,,Salt creek falls
photos,https://images.unsplash.com/profile-1676473924849-5cea6729d4fcimage?fm=jpg&q=60&w=3000&ixlib=rb-4.0.3&crop=faces&fit=crop&h=32,,Shed
photos,https://images.unsplash.com/profile-1682328435507-ac89fc0ea65fimage?fm=jpg&q=60&w=3000&ixlib=rb-4.0.3&crop=faces&fit=crop&h=32,,Cake
photos,https://images.unsplash.com/profile-1711549020779-bcd65dd86bf8image?fm=jpg&q=60&w=3000&ixlib=rb-4.0.3&crop=faces&fit=crop&h=32,,Gardensbythebay
photos,https://images.unsplash.com/profile-1706811618759-2971389ba999image?fm=jpg&q=60&w=3000&ixlib=rb-4.0.3&crop=faces&fit=crop&h=32,,Ut
a-close-up-of-a-bird-with-a-blurry-background-ZD7mOhtXiNw,https://images.unsplash.com/profile-1676864112913-cc4dde51986cimage?fm=jpg&q=60&w=3000&ixlib=rb-4.0.3&crop=faces&fit=crop&h=32,,a close up of a bird with a blurry background
photos,https://images.unsplash.com/profile-1711549020779-bcd65dd86bf8image?fm=jpg&q=60&w=3000&ixlib=rb-4.0.3&crop=faces&fit=crop&h=32,,Kelingking beach
smiling-girl-in-pink-and-white-stripe-shirt-62GTOD-oY0w,https://images.unsplash.com/profile-1693404155353-a447ed2b9c26image?fm=jpg&q=60&w=3000&ixlib=rb-4.0.3&crop=faces&fit=crop&h=32,,smiling girl in pink and white stripe shirt
photos,https://images.unsplash.com/profile-1644189579276-23ef0268f169image?fm=jpg&q=60&w=3000&ixlib=rb-4.0.3&crop=faces&fit=crop&h=32,,Chandelier
gray-wooden-door-jgXs4SQEOxU,https://images.unsplash.com/profile-1593889170203-d1f80599ab57image?fm=jpg&q=60&w=3000&ixlib=rb-4.0.3&crop=faces&fit=crop&h=32,,gray wooden door
photos,https://images.unsplash.com/profile-1657322413508-57ab396495be?fm=jpg&q=60&w=3000&ixlib=rb-4.0.3&crop=faces&fit=crop&h=32,,Video gear
a-couple-of-sheep-walking-down-a-road-ELfl-y8-x9s,https://images.unsplash.com/profile-1606997865445-f5e6930b375aimage?fm=jpg&q=60&w=3000&ixlib=rb-4.0.3&crop=faces&fit=crop&h=32,,a couple of sheep walking down a road
fortune-cookie-GUYCM0jhuSA,https://images.unsplash.com/profile-1551808189558-84f2d267499b?fm=jpg&q=60&w=3000&ixlib=rb-4.0.3&crop=faces&fit=crop&h=32,,fortune cookie
photos,https://images.unsplash.com/profile-1724662947652-f269d453b430image?fm=jpg&q=60&w=3000&ixlib=rb-4.0.3&crop=faces&fit=crop&h=32,,Conjure
yellow-lights-between-trees-hvrpOmuMrAI,https://images.unsplash.com/profile-1493320375113-8d776e646fd0?fm=jpg&q=60&w=3000&ixlib=rb-4.0.3&crop=faces&fit=crop&h=32,,yellow lights between trees
photos,https://images.unsplash.com/profile-1585306837925-f7b3951cda63image?fm=jpg&q=60&w=3000&ixlib=rb-4.0.3&crop=faces&fit=crop&h=32,,Cambridge
photos,https://images.unsplash.com/profile-1650032176595-57f722fa85b9?fm=jpg&q=60&w=3000&ixlib=rb-4.0.3&crop=faces&fit=crop&h=32,,Railing
waterfalls-during-daytime-tSMMJPxpKxs,https://images.unsplash.com/profile-1676320214445-e3fec6f7b87cimage?fm=jpg&q=60&w=3000&ixlib=rb-4.0.3&crop=faces&fit=crop&h=32,,waterfalls during daytime
person-standing-near-orange-shed-during-clear-blue-sky-T31JWwB7DTE,https://images.unsplash.com/profile-1605780274397-200ea3604d6fimage?fm=jpg&q=60&w=3000&ixlib=rb-4.0.3&crop=faces&fit=crop&h=32,,person standing near orange shed during clear blue sky
photos,https://images.unsplash.com/profile-1669001424281-77800944f81b?fm=jpg&q=60&w=3000&ixlib=rb-4.0.3&crop=faces&fit=crop&h=32,,Wedding cake
red-green-and-black-parrot-on-brown-tree-branch-ZshOEXwjRVs,https://images.unsplash.com/profile-1603275610657-1f52200cbfc7image?fm=jpg&q=60&w=3000&ixlib=rb-4.0.3&crop=faces&fit=crop&h=32,,red green and black parrot on brown tree branch
photos,https://images.unsplash.com/profile-1589341434449-ef31b5f5aee1image?fm=jpg&q=60&w=3000&ixlib=rb-4.0.3&crop=faces&fit=crop&h=32,,Snowbird
a-group-of-people-riding-skis-down-a-snow-covered-slope-Uzoyd_19qzY,https://images.unsplash.com/profile-1712433112467-7d1db4042f64image?fm=jpg&q=60&w=3000&ixlib=rb-4.0.3&crop=faces&fit=crop&h=32,,a group of people riding skis down a snow covered slope
photo-of-cliff-near-seashore-during-daytime-nis5gvoboyI,https://images.unsplash.com/profile-1484401193421-e08acdefa4d0?fm=jpg&q=60&w=3000&ixlib=rb-4.0.3&crop=faces&fit=crop&h=32,,photo of cliff near seashore during daytime
